date,time,check,nifty,spread_value,gross_pl_pct
2026-03-10,14:40:24,1,24235.25,35.8,-0.06
2026-03-10,14:40:25,2,24232.05,39.0,-2.01
2026-03-10,14:41:26,3,24210.25,54.2,-11.26
2026-03-10,14:42:28,4,24222.65,40.25,-2.77
2026-03-10,14:43:29,5,24221.5,40.6,-2.98
2026-03-10,14:44:31,6,24217.3,43.55,-4.78
2026-03-10,14:45:32,7,24211.8,44.5,-5.36
2026-03-10,14:46:33,8,24214.7,43.1,-4.5
2026-03-10,14:47:35,9,24235.0,21.55,8.61
2026-03-10,14:48:36,10,24245.55,21.7,8.52
2026-03-10,14:49:38,11,24262.85,14.7,12.78
2026-03-10,14:50:39,12,24251.85,17.5,11.08
2026-03-10,14:51:41,13,24261.15,11.35,14.82
2026-03-10,14:52:42,14,24265.3,10.45,15.37
2026-03-10,14:53:44,15,24266.4,11.35,14.82
2026-03-10,14:54:45,16,24268.7,9.1,16.19
2026-03-10,14:55:47,17,24258.2,10.7,15.22
2026-03-10,14:56:48,18,24260.1,9.1,16.19
2026-03-10,14:57:50,19,24260.95,9.6,15.89
2026-03-10,14:58:51,20,24262.45,10.1,15.58
2026-03-10,14:59:53,21,24232.2,24.15,7.03
2026-03-10,15:00:54,22,24222.55,33.7,1.22
2026-03-10,15:01:56,23,24222.65,22.8,7.85
2026-03-10,15:02:57,24,24244.35,12.1,14.36
2026-03-10,15:03:58,25,24250.5,8.5,16.56
2026-03-10,15:05:00,26,24255.95,9.85,15.73
2026-03-10,15:06:01,27,24260.6,9.4,16.01
2026-03-10,15:07:03,28,24255.75,4.05,19.26
2026-03-10,15:08:04,29,24257.65,2.7,20.09
2026-03-17,13:45:59,1,23545.15,46.45,0.66
2026-03-17,13:46:01,2,23549.95,44.6,1.87
2026-03-17,13:47:02,3,23553.65,44.75,1.77
2026-03-17,13:48:04,4,23546.4,48.1,-0.43
2026-03-17,13:49:06,5,23562.75,39.65,5.11
2026-03-17,13:50:07,6,23555.4,41.6,3.83
2026-03-17,13:51:09,7,23553.25,42.0,3.57
2026-03-17,13:52:10,8,23555.2,43.9,2.33
2026-03-17,13:53:12,9,23552.95,43.6,2.52
2026-03-17,13:54:13,10,23547.9,46.25,0.79
2026-03-17,13:55:15,11,23552.05,43.7,2.46
2026-03-17,13:56:16,12,23550.0,43.7,2.46
2026-03-17,13:57:18,13,23547.45,46.15,0.85
2026-03-17,13:58:19,14,23535.1,53.1,-3.7
2026-03-17,13:59:21,15,23552.15,43.15,2.82
2026-03-17,14:00:23,16,23555.1,40.1,4.82
2026-03-17,14:01:24,17,23534.7,51.7,-2.79
2026-03-17,14:02:26,18,23553.3,39.3,5.34
2026-03-17,14:03:27,19,23566.55,34.15,8.72
2026-03-17,14:04:29,20,23556.75,36.35,7.28
2026-03-17,14:05:30,21,23542.55,43.2,2.79
2026-03-17,14:06:32,22,23552.25,40.55,4.52
2026-03-17,14:07:34,23,23556.75,37.55,6.49
2026-03-17,14:08:35,24,23568.1,32.6,9.73
2026-03-17,14:09:37,25,23584.4,25.35,14.49
2026-03-17,14:10:38,26,23588.8,23.15,15.93
2026-03-17,14:11:40,27,23592.8,22.75,16.19
2026-03-17,14:12:41,28,23604.15,20.8,17.47
2026-03-17,14:13:43,29,23599.85,22.6,16.29
2026-03-17,14:14:44,30,23602.9,21.45,17.04
2026-03-17,14:15:46,31,23554.55,32.3,9.93
2026-03-17,14:16:48,32,23566.85,29.95,11.47
2026-03-17,14:17:49,33,23569.25,28.45,12.45
2026-03-17,14:18:51,34,23563.25,32.4,9.87
2026-03-17,14:19:52,35,23572.2,27.3,13.21
2026-03-17,14:20:54,36,23552.0,38.05,6.16
2026-03-17,14:21:55,37,23543.8,43.7,2.46
2026-03-17,14:22:57,38,23538.25,46.95,0.33
2026-03-17,14:23:58,39,23545.25,40.35,4.65
2026-03-17,14:25:00,40,23543.2,42.85,3.02
2026-03-17,14:26:01,41,23534.05,46.25,0.79
2026-03-17,14:27:03,42,23548.35,39.8,5.01
2026-03-17,14:28:05,43,23555.5,35.0,8.16
2026-03-17,14:29:06,44,23565.05,28.4,12.49
2026-03-17,14:30:08,45,23574.65,25.1,14.65
2026-03-17,14:31:09,46,23582.85,18.85,18.75
2026-03-17,14:32:11,47,23571.25,23.7,15.57
2026-03-17,14:33:12,48,23579.15,20.85,17.44
2026-03-17,14:34:14,49,23583.5,18.15,19.21
2026-03-17,14:35:15,50,23595.05,14.1,21.86
2026-03-24,13:45:44,1,23032.45,47.4,0.2
2026-03-24,13:45:45,2,23042.75,51.15,-2.27
2026-03-24,13:46:46,3,23021.0,43.9,2.5
2026-03-24,13:47:48,4,22998.4,36.45,7.39
2026-03-24,13:48:49,5,22969.9,26.7,13.79
2026-03-24,13:49:50,6,22975.65,27.5,13.26
2026-03-24,13:50:52,7,22957.3,22.45,16.58
2026-03-24,13:51:53,8,22976.55,27.65,13.16
2026-03-24,13:52:54,9,22991.45,32.35,10.08
2026-03-24,13:53:56,10,22973.7,24.9,14.97
2026-03-24,13:54:57,11,22976.0,25.8,14.38
2026-03-24,13:55:59,12,22981.05,26.05,14.22
2026-03-24,13:57:00,13,22989.85,31.0,10.97
2026-03-24,13:58:01,14,22983.35,28.95,12.31
2026-03-24,13:59:03,15,22973.75,24.45,15.27
2026-03-24,14:00:04,16,22980.1,25.6,14.51
2026-03-24,14:01:06,17,22990.8,30.1,11.56
2026-03-24,14:02:07,18,22985.35,27.05,13.56
2026-03-24,14:03:08,19,22974.45,24.7,15.1
2026-03-24,14:04:10,20,22976.45,25.55,14.54
2026-03-24,14:05:11,21,22987.4,28.35,12.71
2026-03-24,14:06:13,22,22987.7,28.9,12.34
2026-03-24,14:07:14,23,22984.35,28.3,12.74
2026-03-24,14:08:15,24,22963.35,21.1,17.47
2026-03-24,14:09:17,25,22975.25,21.6,17.14
2026-03-24,14:10:18,26,22987.6,27.45,13.3
2026-03-24,14:11:19,27,22974.55,20.9,17.6
2026-03-24,14:12:21,28,22975.95,22.15,16.78
2026-03-24,14:13:22,29,22992.7,25.25,14.74
2026-03-24,14:14:23,30,23004.4,30.5,11.29
2026-03-24,14:15:25,31,23007.15,32.4,10.05
2026-03-24,14:16:26,32,23012.0,34.65,8.57
2026-03-24,14:17:27,33,23013.9,35.0,8.34
2026-03-24,14:18:29,34,22990.3,25.0,14.9
2026-03-24,14:19:30,35,22988.3,23.9,15.63
2026-03-24,14:20:32,36,22934.1,12.45,23.15
2026-04-07,13:56:44,1,23012.65,38.75,-0.83
2026-04-07,13:56:46,2,22972.55,62.4,-15.38
2026-04-07,13:57:47,3,22962.0,69.0,-19.43
2026-04-07,13:58:49,4,22974.85,57.7,-12.48
2026-04-07,13:59:50,5,22988.1,52.55,-9.32
2026-04-07,14:00:52,6,22999.55,43.35,-3.66
2026-04-07,14:01:53,7,23018.55,34.85,1.57
2026-04-07,14:02:55,8,23015.75,35.3,1.29
2026-04-07,14:03:56,9,23015.1,34.8,1.6
2026-04-07,14:04:57,10,23016.9,35.6,1.11
2026-04-07,14:05:59,11,23010.1,37.9,-0.31
2026-04-07,14:07:00,12,22996.6,44.1,-4.12
2026-04-07,14:08:02,13,23012.1,35.0,1.48
2026-04-07,14:09:03,14,23017.2,34.95,1.51
2026-04-07,14:10:05,15,23002.35,41.2,-2.34
2026-04-07,14:11:06,16,23015.15,36.65,0.46
2026-04-07,14:12:08,17,23000.6,43.75,-3.91
2026-04-07,14:13:09,18,23000.45,41.1,-2.28
2026-04-07,14:14:11,19,23015.9,31.5,3.63
2026-04-07,14:15:12,20,23014.3,33.15,2.61
2026-04-07,14:16:14,21,22999.3,38.75,-0.83
2026-04-07,14:17:15,22,23007.4,36.3,0.68
2026-04-07,14:18:17,23,22998.45,37.15,0.15
2026-04-07,14:19:18,24,23004.35,37.65,-0.15
2026-04-07,14:20:20,25,23000.45,36.85,0.34
2026-04-07,14:21:21,26,23005.35,32.0,3.32
2026-04-07,14:22:22,27,23010.0,31.9,3.38
2026-04-07,14:23:24,28,22990.2,42.95,-3.41
2026-04-07,14:24:25,29,23009.8,31.0,3.94
2026-04-07,14:25:27,30,23007.5,33.1,2.64
2026-04-07,14:27:36,32,23021.85,23.75,8.39
2026-04-07,14:28:37,33,23015.8,27.5,6.09
2026-04-07,14:29:38,34,23018.2,22.75,9.01
2026-04-07,14:30:40,35,23038.2,17.9,11.99
2026-04-07,14:31:41,36,23038.45,15.55,13.44
2026-04-07,14:32:43,37,23046.8,13.7,14.58
2026-04-07,14:33:45,38,23035.35,15.4,13.53
2026-04-07,14:34:46,39,23020.15,20.45,10.42
2026-04-07,14:35:48,40,23009.5,23.75,8.39
2026-04-07,14:36:49,41,23007.75,27.65,6.0
2026-04-07,14:37:51,42,23017.9,21.5,9.78
2026-04-07,14:38:52,43,23005.55,28.4,5.54
2026-04-07,14:39:54,44,23017.65,22.8,8.98
2026-04-07,14:40:55,45,23015.55,23.4,8.61
2026-04-07,14:41:57,46,23018.9,20.3,10.52
2026-04-07,14:42:58,47,23010.3,20.55,10.36
2026-04-07,14:44:00,48,23032.05,15.35,13.56
2026-04-07,14:45:01,49,23034.4,11.9,15.68
2026-04-07,14:46:03,50,23030.5,13.4,14.76
2026-04-07,14:47:04,51,23046.7,8.0,18.08
2026-04-07,14:48:06,52,23046.8,7.4,18.45
2026-04-07,14:49:07,53,23050.0,6.9,18.76
2026-04-07,14:50:09,54,23067.2,4.4,20.3
2026-04-21,14:06:58,1,24535.15,33.95,-0.9
2026-04-21,14:07:00,2,24538.55,33.15,-0.42
2026-04-21,14:08:01,3,24536.35,33.8,-0.81
2026-04-21,14:09:03,4,24533.0,34.1,-0.98
2026-04-21,14:10:04,5,24525.15,36.4,-2.36
2026-04-21,14:11:05,6,24528.5,35.75,-1.97
2026-04-21,14:12:07,7,24534.65,32.7,-0.15
2026-04-21,14:13:08,8,24537.55,29.7,1.64
2026-04-21,14:14:10,9,24538.1,29.0,2.06
2026-04-21,14:15:11,10,24544.3,23.8,5.16
2026-04-21,14:16:13,11,24555.05,19.85,7.52
2026-04-21,14:17:14,12,24555.9,16.9,9.28
2026-04-21,14:18:16,13,24567.05,16.6,9.46
2026-04-21,14:19:17,14,24557.15,17.75,8.77
2026-04-21,14:20:18,15,24557.45,17.45,8.95
2026-04-21,14:21:20,16,24573.35,11.8,12.32
2026-04-21,14:22:21,17,24575.55,10.1,13.34
2026-04-21,14:24:31,19,24571.65,11.15,12.71
2026-04-21,14:25:32,20,24561.3,13.75,11.16
2026-04-21,14:26:34,21,24570.35,11.1,12.74
2026-04-21,14:27:35,22,24569.95,10.1,13.34
2026-04-21,14:28:36,23,24570.2,10.1,13.34
2026-04-21,14:29:38,24,24569.6,11.7,12.38
2026-04-21,14:30:39,25,24565.4,13.4,11.37
2026-04-21,14:31:41,26,24567.75,10.6,13.04
2026-04-21,14:32:42,27,24566.75,12.55,11.88
2026-04-21,14:33:44,28,24561.7,13.65,11.22
2026-04-21,14:34:45,29,24558.0,14.15,10.92
2026-04-21,14:35:47,30,24558.15,13.6,11.25
2026-04-21,14:36:48,31,24559.45,13.15,11.52
2026-04-21,14:37:50,32,24556.05,14.65,10.62
2026-04-21,14:38:51,33,24552.15,16.15,9.73
2026-04-21,14:39:53,34,24553.0,13.8,11.13
2026-04-21,14:40:54,35,24552.65,16.0,9.82
2026-04-21,14:41:56,36,24540.55,24.05,5.01
2026-04-21,14:42:57,37,24539.35,23.55,5.31
2026-04-21,14:43:59,38,24536.65,26.0,3.85
2026-04-21,14:45:00,39,24538.85,21.3,6.65
2026-04-21,14:46:01,40,24539.65,21.55,6.51
2026-04-21,14:47:03,41,24550.9,13.6,11.25
2026-04-21,14:48:04,42,24546.45,15.55,10.09
2026-04-21,14:49:06,43,24550.3,11.65,12.41
2026-04-21,14:50:07,44,24560.5,6.45,15.52
2026-04-21,14:51:09,45,24556.85,9.05,13.97
2026-04-21,14:52:10,46,24555.55,7.8,14.71
2026-04-21,14:53:12,47,24556.35,7.25,15.04
2026-04-21,14:54:13,48,24559.95,6.35,15.58
2026-04-21,14:55:15,49,24567.0,3.75,17.13
2026-04-21,14:56:16,50,24566.8,3.9,17.04
2026-04-21,14:57:17,51,24568.85,3.85,17.07
2026-04-21,14:58:19,52,24569.0,3.9,17.04
2026-04-21,14:59:20,53,24580.55,1.45,18.5
2026-04-21,15:00:22,54,24597.15,0.55,19.04
2026-04-21,15:01:23,55,24566.75,0.85,18.86
2026-04-21,15:02:25,56,24561.85,1.2,18.65
2026-04-21,15:03:26,57,24559.95,1.55,18.44
2026-04-21,15:04:28,58,24570.8,0.75,18.92
2026-04-21,15:05:29,59,24574.85,0.7,18.95
2026-04-21,15:06:31,60,24585.55,0.3,19.19
2026-04-21,15:07:32,61,24568.4,0.35,19.16
2026-04-21,15:08:33,62,24561.4,0.4,19.13
2026-04-21,15:09:35,63,24571.25,0.2,19.25
2026-04-21,15:10:36,64,24579.95,0.1,19.31
2026-04-21,15:11:38,65,24577.8,0.05,19.34
2026-04-21,15:12:39,66,24565.75,0.05,19.34
2026-04-21,15:13:41,67,24577.6,0,19.37
2026-04-21,15:14:42,68,24571.0,0,19.37
2026-04-28,14:20:36,1,23991.95,0,-46.37
2026-04-28,14:20:37,2,23994.55,0,-46.37
2026-04-28,14:21:39,3,23998.95,0,-46.37
2026-04-28,14:22:40,4,24010.9,0,-46.37
2026-04-28,14:23:42,5,24002.1,0,-46.37
2026-04-28,14:24:43,6,24006.1,0,-46.37
2026-04-28,14:25:44,7,24001.9,0,-46.37
2026-04-28,14:26:46,8,23998.95,0,-46.37
2026-04-28,14:27:47,9,23995.75,0,-46.37
2026-04-28,14:28:48,10,23999.05,0,-46.37
2026-04-28,14:29:50,11,24012.7,0,-46.37
2026-04-28,14:30:51,12,24030.7,0,-46.37
2026-04-28,14:31:53,13,24023.85,0,-46.37
2026-04-28,14:32:54,14,24027.2,0,-46.37
2026-04-28,14:33:55,15,24007.55,0,-46.37
2026-04-28,14:34:57,16,24020.4,0,-46.37
2026-04-28,14:35:58,17,24019.65,0,-46.37
2026-04-28,14:36:59,18,24027.45,0,-46.37
2026-04-28,14:38:01,19,24022.9,0,-46.37
2026-04-28,14:39:02,20,24024.45,0,-46.37
2026-04-28,14:40:04,21,24026.3,0,-46.37
2026-04-28,14:41:05,22,24023.0,0,-46.37
2026-04-28,14:42:06,23,24014.65,0,-46.37
2026-04-28,14:43:08,24,24017.9,0,-46.37
2026-04-28,14:44:09,25,24024.0,0,-46.37
2026-04-28,14:45:10,26,24026.75,0,-46.37
2026-04-28,14:46:12,27,24029.3,0,-46.37
2026-04-28,14:47:13,28,24035.45,0,-46.37
2026-04-28,14:48:14,29,24037.3,0,-46.37
2026-04-28,14:49:16,30,24035.45,0,-46.37
2026-04-28,14:50:17,31,24043.15,0,-46.37
2026-04-28,14:51:19,32,24032.75,0,-46.37
2026-04-28,14:52:20,33,24039.15,0,-46.37
2026-04-28,14:53:21,34,24040.0,0,-46.37
2026-04-28,14:54:23,35,24037.3,0,-46.37
2026-04-28,14:55:24,36,24038.85,0,-46.37
2026-04-28,14:56:25,37,24031.8,0,-46.37
2026-04-28,14:57:27,38,24040.9,0,-46.37
2026-04-28,14:58:28,39,24042.8,0,-46.37
2026-04-28,14:59:30,40,24028.9,0,-46.37
2026-04-28,15:00:31,41,24010.8,0,-46.37
2026-04-28,15:01:32,42,24002.95,0,-46.37
2026-04-28,15:02:34,43,23994.2,0,-46.37
2026-04-28,15:03:35,44,23994.1,0,-46.37
2026-04-28,15:04:37,45,24013.5,0,-46.37
2026-04-28,15:05:38,46,24003.75,0,-46.37
2026-04-28,15:06:39,47,23986.0,0,-46.37
2026-04-28,15:07:41,48,23982.1,0,-46.37
2026-04-28,15:08:42,49,23982.2,0,-46.37
2026-04-28,15:09:43,50,23975.3,0,-46.37
2026-04-28,15:10:45,51,23970.5,0,-46.37
2026-04-28,15:11:46,52,23973.0,0,-46.37
2026-04-28,15:12:48,53,23969.05,0,-46.37
2026-04-28,15:13:49,54,23972.15,0,-46.37
2026-04-28,15:14:50,55,23969.65,0,-46.37
2026-05-05,14:19:02,1,24029.25,29.25,0.44
2026-05-05,14:19:04,2,24039.05,26.7,1.94
2026-05-05,14:20:05,3,24040.05,24.1,3.47
2026-05-05,14:21:06,4,24043.8,22.9,4.18
2026-05-05,14:22:08,5,24046.3,19.9,5.94
2026-05-05,14:23:09,6,24032.25,28.45,0.91
2026-05-05,14:24:10,7,24035.75,27.25,1.62
2026-05-05,14:25:12,8,24036.85,26.05,2.32
2026-05-05,14:26:13,9,24042.25,23.2,4.0
2026-05-05,14:27:14,10,24043.1,23.25,3.97
2026-05-05,14:28:16,11,24053.9,16.65,7.85
2026-05-05,14:29:17,12,24059.2,17.35,7.44
2026-05-05,14:30:18,13,24044.65,22.9,4.18
2026-05-05,14:31:20,14,24045.7,20.85,5.38
2026-05-05,14:32:21,15,24046.9,22.8,4.24
2026-05-05,14:33:22,16,24030.55,31.25,-0.74
2026-05-05,14:34:24,17,24039.75,25.35,2.74
2026-05-05,14:35:25,18,24034.05,28.85,0.68
2026-05-05,14:36:26,19,24035.5,29.4,0.35
2026-05-05,14:37:28,20,24023.6,33.3,-1.94
2026-05-05,14:38:29,21,24037.35,24.8,3.06
2026-05-05,14:39:30,22,24028.5,27.25,1.62
2026-05-05,14:40:32,23,24033.1,23.75,3.68
2026-05-05,14:41:33,24,24043.95,18.35,6.85
2026-05-05,14:42:34,25,24045.8,17.9,7.12
2026-05-05,14:43:36,26,24039.8,19.55,6.15
2026-05-05,14:44:37,27,24044.05,20.05,5.85
2026-05-05,14:45:38,28,24030.8,25.95,2.38
2026-05-05,14:46:40,29,24027.8,27.15,1.68
2026-05-05,14:47:41,30,24027.55,27.95,1.21
2026-05-05,14:48:43,31,24027.15,29.65,0.21
2026-05-05,14:49:44,32,24031.35,27.05,1.74
2026-05-05,14:50:45,33,24028.15,27.15,1.68
2026-05-05,14:51:47,34,24014.85,40.7,-6.29
2026-05-05,14:52:48,35,24005.7,48.15,-10.68
2026-05-05,14:53:49,36,24019.05,32.25,-1.32
2026-05-05,14:54:51,37,24024.25,29.9,0.06
2026-05-05,14:55:52,38,24021.35,31.05,-0.62
2026-05-05,14:56:53,39,24026.8,29.05,0.56
2026-05-05,14:57:55,40,24020.85,34.2,-2.47
2026-05-05,14:58:56,41,24011.6,44.1,-8.29
2026-05-05,14:59:57,42,24006.35,43.1,-7.71
2026-05-05,15:00:59,43,24021.45,31.05,-0.62
2026-05-05,15:02:00,44,24003.5,44.95,-8.79
2026-05-05,15:03:01,45,24015.6,37.55,-4.44
2026-05-05,15:04:03,46,24010.9,39.1,-5.35
2026-05-05,15:05:04,47,24003.45,37.0,-4.12
2026-05-05,15:06:06,48,24018.9,33.8,-2.24
2026-05-05,15:07:07,49,24025.75,27.25,1.62
2026-05-05,15:08:08,50,24023.5,27.2,1.65
2026-05-05,15:09:10,51,24029.05,27.4,1.53
2026-05-05,15:10:11,52,24031.75,21.0,5.29
2026-05-05,15:11:12,53,24026.55,24.25,3.38
2026-05-05,15:12:14,54,24028.15,22.75,4.26
2026-05-05,15:13:15,55,24036.3,21.15,5.21
2026-05-05,15:14:16,56,24045.15,20.45,5.62
2026-05-12,14:28:46,1,23466.45,34.45,-0.6
2026-05-12,14:28:47,2,23466.85,35.0,-0.93
2026-05-12,14:29:49,3,23467.8,31.5,1.17
2026-05-12,14:30:50,4,23463.75,28.45,3.0
2026-05-12,14:31:52,5,23463.85,28.95,2.7
2026-05-12,14:32:53,6,23453.6,23.05,6.24
2026-05-12,14:33:55,7,23439.45,17.9,9.34
2026-05-12,14:34:56,8,23448.95,21.35,7.27
2026-05-12,14:35:57,9,23454.95,23.0,6.27
2026-05-12,14:36:59,10,23453.4,23.15,6.18
2026-05-12,14:38:00,11,23467.4,30.9,1.53
2026-05-12,14:39:02,12,23466.05,30.0,2.07
2026-05-12,14:40:03,13,23458.4,26.05,4.44
2026-05-12,14:41:05,14,23471.35,34.55,-0.66
2026-05-12,14:42:06,15,23463.75,28.15,3.18
2026-05-12,14:43:08,16,23462.45,28.8,2.79
2026-05-12,14:44:09,17,23462.1,26.7,4.05
2026-05-12,14:45:10,18,23466.45,30.1,2.01
2026-05-12,14:46:12,19,23460.25,25.7,4.65
2026-05-12,14:47:13,20,23464.05,30.0,2.07
2026-05-12,14:48:15,21,23472.35,30.8,1.59
2026-05-12,14:49:16,22,23457.85,17.85,9.37
2026-05-12,14:50:18,23,23460.15,22.45,6.6
2026-05-12,14:51:19,24,23446.85,14.3,11.5
2026-05-12,14:52:21,25,23440.35,14.4,11.44
2026-05-12,14:53:22,26,23432.5,8.25,15.13
2026-05-12,14:54:23,27,23424.85,4.7,17.26
2026-05-12,14:55:25,28,23423.25,4.45,17.41
2026-05-12,14:56:28,29,23429.4,4.75,17.23
2026-05-12,14:57:30,30,23421.25,2.85,18.37
2026-05-12,14:58:31,31,23421.5,2.95,18.31
2026-05-12,14:59:33,32,23402.3,0.7,19.66
2026-05-12,15:00:34,33,23388.8,0.4,19.84
2026-05-12,15:01:35,34,23381.4,0.4,19.84
2026-05-12,15:02:38,35,23373.15,0.4,19.84
2026-05-12,15:03:39,36,23382.85,0.05,20.05
2026-05-19,14:39:11,1,23685.35,22.15,-0.25
2026-05-19,14:39:13,2,23679.0,24.6,-1.63
2026-05-19,14:40:14,3,23689.65,24.25,-1.43
2026-05-19,14:41:16,4,23681.55,27.9,-3.48
2026-05-19,14:42:17,5,23661.95,46.5,-13.91
2026-05-19,14:43:18,6,23657.15,53.2,-17.67
2026-05-19,14:44:20,7,23651.8,59.55,-21.23
2026-05-19,14:45:21,8,23637.05,70.1,-27.15
2026-05-19,14:46:23,9,23644.05,66.4,-25.07
2026-05-19,14:47:24,10,23654.85,51.2,-16.55
2026-05-19,14:48:26,11,23649.15,61.1,-22.1
2026-05-19,14:49:27,12,23661.0,49.6,-15.65
2026-05-19,14:50:28,13,23646.3,57.35,-19.99
2026-05-19,14:51:30,14,23656.3,51.7,-16.83
2026-05-19,14:52:31,15,23660.0,49.65,-15.68
2026-05-19,14:53:32,16,23651.25,52.5,-17.27
2026-05-19,14:54:34,17,23662.1,48.55,-15.06
2026-05-19,14:55:35,18,23650.25,55.0,-18.68
2026-05-19,14:56:37,19,23652.7,55.4,-18.9
2026-05-19,14:57:38,20,23655.45,55.0,-18.68
2026-05-19,14:58:40,21,23658.95,52.2,-17.11
2026-05-19,14:59:41,22,23650.85,54.7,-18.51
2026-05-19,15:00:42,23,23640.7,66.6,-25.18
2026-05-19,15:01:44,24,23632.4,72.05,-28.24
2026-05-19,15:02:45,25,23630.1,70.15,-27.17
2026-05-19,15:03:47,26,23630.55,75.35,-30.09
2026-05-19,15:04:48,27,23633.4,69.7,-26.92
2026-05-19,15:05:49,28,23641.1,61.8,-22.49
2026-05-19,15:06:51,29,23633.3,64.9,-24.23
2026-05-19,15:07:52,30,23632.3,73.85,-29.25
2026-05-19,15:08:54,31,23625.2,73.2,-28.88
2026-05-19,15:09:55,32,23619.15,74.05,-29.36
2026-05-19,15:10:56,33,23620.1,75.0,-29.89
2026-05-19,15:11:58,34,23618.7,76.85,-30.93
2026-05-19,15:12:59,35,23620.95,75.75,-30.31
2026-05-19,15:14:01,36,23624.45,74.85,-29.81
2026-05-26,14:40:01,1,23905.3,0,-47.86
2026-05-26,14:40:03,2,23897.25,0,-47.86
2026-05-26,14:41:04,3,23896.3,0,-47.86
2026-05-26,14:42:06,4,23901.3,0,-47.86
2026-05-26,14:43:07,5,23898.9,0,-47.86
2026-05-26,14:44:09,6,23896.2,0,-47.86
2026-05-26,14:45:11,7,23899.8,0,-47.86
2026-05-26,14:46:12,8,23899.6,0,-47.86
2026-05-26,14:47:14,9,23895.65,0,-47.86
2026-05-26,14:48:15,10,23902.0,0,-47.86
2026-05-26,14:49:17,11,23895.25,0,-47.86
2026-05-26,14:50:18,12,23891.85,0,-47.86
2026-05-26,14:51:20,13,23890.5,0,-47.86
2026-05-26,14:52:22,14,23890.15,0,-47.86
2026-05-26,14:53:25,15,23886.5,0,-47.86
2026-05-26,14:54:26,16,23892.1,0,-47.86
2026-05-26,14:55:28,17,23894.0,0,-47.86
2026-05-26,14:56:29,18,23903.05,0,-47.86
2026-05-26,14:57:31,19,23917.1,0,-47.86
2026-05-26,14:58:32,20,23913.8,0,-47.86
2026-05-26,14:59:34,21,23903.65,0,-47.86
2026-05-26,15:00:36,22,23902.5,0,-47.86
2026-05-26,15:01:37,23,23909.05,0,-47.86
2026-05-26,15:02:39,24,23918.7,0,-47.86
2026-05-26,15:03:40,25,23907.7,0,-47.86
2026-05-26,15:04:42,26,23905.55,0,-47.86
2026-05-26,15:05:43,27,23902.15,0,-47.86
2026-05-26,15:06:45,28,23911.6,0,-47.86
2026-05-26,15:07:47,29,23919.7,0,-47.86
2026-05-26,15:08:48,30,23924.45,0,-47.86
2026-05-26,15:09:50,31,23905.25,0,-47.86
2026-05-26,15:10:51,32,23907.75,0,-47.86
2026-05-26,15:11:53,33,23912.35,0,-47.86
2026-05-26,15:12:54,34,23913.05,0,-47.86
2026-05-26,15:13:56,35,23908.5,0,-47.86
2026-05-26,15:14:57,36,23910.1,0,-47.86
2026-06-02,14:57:05,1,23459.6,7.3,-0.18
2026-06-02,14:57:06,2,23451.2,10.9,-2.05
2026-06-02,14:58:07,3,23452.15,10.25,-1.71
2026-06-02,14:59:09,4,23430.95,27.15,-10.46
2026-06-02,15:00:10,5,23448.1,11.1,-2.15
2026-06-02,15:01:12,6,23456.8,6.45,0.26
2026-06-02,15:02:13,7,23463.2,4.65,1.19
2026-06-02,15:03:14,8,23464.9,2.75,2.18
2026-06-02,15:04:16,9,23471.65,0.45,3.37
2026-06-02,15:05:17,10,23483.7,0.3,3.44
2026-06-02,15:06:19,11,23488.75,0.25,3.47
2026-06-02,15:07:20,12,23478.7,0.3,3.44
2026-06-02,15:08:22,13,23474.2,0.15,3.52
2026-06-02,15:09:23,14,23485.1,0.1,3.55
2026-06-02,15:10:25,15,23494.4,0.05,3.57
2026-06-02,15:11:26,16,23496.15,0.1,3.55
2026-06-02,15:12:27,17,23494.85,0.05,3.57
2026-06-02,15:13:29,18,23490.05,0,3.6
2026-06-02,15:14:30,19,23490.9,0,3.6
2026-06-09,14:38:16,1,23220.95,34.5,0.18
2026-06-09,14:38:18,2,23231.15,43.35,-5.18
2026-06-09,14:39:19,3,23246.6,56.6,-13.2
2026-06-09,14:40:20,4,23259.4,69.2,-20.82
2026-06-09,14:41:22,5,23255.35,62.45,-16.74
2026-06-09,14:42:23,6,23239.65,55.45,-12.5
2026-06-09,14:43:28,7,23251.35,58.25,-14.19
2026-06-09,14:44:29,8,23250.8,56.35,-13.04
2026-06-09,14:45:31,9,23248.2,53.65,-11.41
2026-06-09,14:46:32,10,23247.9,53.1,-11.08
2026-06-09,14:47:33,11,23241.15,49.25,-8.75
2026-06-09,14:48:35,12,23243.8,48.5,-8.29
2026-06-09,14:49:36,13,23244.7,50.75,-9.65
2026-06-09,14:50:37,14,23251.2,56.25,-12.98
2026-06-09,14:51:39,15,23243.95,58.95,-14.62
2026-06-09,14:52:40,16,23264.0,66.85,-19.4
2026-06-09,14:53:42,17,23265.9,70.95,-21.88
2026-06-09,14:54:43,18,23269.75,76.7,-25.36
2026-06-09,14:55:45,19,23274.95,81.1,-28.03
2026-06-09,14:56:46,20,23269.15,73.85,-23.64
2026-06-09,14:57:48,21,23273.55,70.9,-21.85
2026-06-09,14:58:49,22,23274.15,75.25,-24.49
2026-06-09,14:59:51,23,23237.3,46.8,-7.26
2026-06-09,15:00:52,24,23236.25,41.65,-4.15
2026-06-09,15:01:53,25,23233.3,41.55,-4.09
2026-06-09,15:02:55,26,23241.15,43.35,-5.18
2026-06-09,15:03:56,27,23239.5,43.75,-5.42
2026-06-09,15:04:58,28,23254.0,53.65,-11.41
2026-06-09,15:05:59,29,23248.65,49.1,-8.66
2026-06-09,15:07:01,30,23242.85,50.5,-9.5
2026-06-09,15:08:02,31,23256.35,60.15,-15.35
2026-06-09,15:09:04,32,23260.95,58.05,-14.07
2026-06-09,15:10:06,33,23252.4,57.85,-13.95
2026-06-09,15:11:07,34,23245.6,54.9,-12.17
2026-06-09,15:12:09,35,23247.05,52.7,-10.84
2026-06-09,15:13:10,36,23243.35,49.4,-8.84
2026-06-09,15:14:11,37,23240.95,43.5,-5.27
2026-06-23,14:37:49,1,23909.15,0,-48.03
2026-06-23,14:37:51,2,23912.5,0,-48.03
2026-06-23,14:38:52,3,23910.4,0,-48.03
2026-06-23,14:39:54,4,23900.5,0,-48.03
2026-06-23,14:40:56,5,23917.7,0,-48.03
2026-06-23,14:41:57,6,23928.9,0,-48.03
2026-06-23,14:42:59,7,23932.25,0,-48.03
2026-06-23,14:44:00,8,23928.1,0,-48.03
2026-06-23,14:45:02,9,23933.8,0,-48.03
2026-06-23,14:46:04,10,23918.45,0,-48.03
2026-06-23,14:47:05,11,23921.8,0,-48.03
2026-06-23,14:48:07,12,23909.45,0,-48.03
2026-06-23,14:49:08,13,23922.15,0,-48.03
2026-06-23,14:50:10,14,23911.9,0,-48.03
2026-06-23,14:51:11,15,23917.55,0,-48.03
2026-06-23,14:52:13,16,23915.0,0,-48.03
2026-06-23,14:53:15,17,23923.6,0,-48.03
2026-06-23,14:54:16,18,23923.1,0,-48.03
2026-06-23,14:55:18,19,23925.55,0,-48.03
2026-06-23,14:56:19,20,23926.5,0,-48.03
2026-06-23,14:57:21,21,23921.35,0,-48.03
2026-06-23,14:58:22,22,23933.05,0,-48.03
2026-06-23,14:59:25,23,23870.05,0,-48.03
2026-06-23,15:00:27,24,23835.05,0,-48.03
2026-06-23,15:01:28,25,23832.9,0,-48.03
2026-06-23,15:02:30,26,23829.9,0,-48.03
2026-06-23,15:03:31,27,23820.55,0,-48.03
2026-06-23,15:04:33,28,23841.0,0,-48.03
2026-06-23,15:05:35,29,23847.65,0,-48.03
2026-06-23,15:06:38,30,23845.1,0,-48.03
2026-06-23,15:07:40,31,23847.0,0,-48.03
2026-06-23,15:08:42,32,23844.95,0,-48.03
2026-06-23,15:09:43,33,23839.95,0,-48.03
2026-06-23,15:10:45,34,23847.95,0,-48.03
2026-06-23,15:11:46,35,23829.2,0,-48.03
2026-06-23,15:12:48,36,23834.1,0,-48.03
2026-06-23,15:13:49,37,23829.05,0,-48.03
2026-06-23,15:14:51,38,23827.45,0,-48.03
2026-06-30,14:37:05,1,23942.75,23.9,-0.0
2026-06-30,14:37:06,2,23937.7,24.55,-0.37
2026-06-30,14:38:08,3,23935.9,27.3,-1.93
2026-06-30,14:39:09,4,23941.05,24.2,-0.17
2026-06-30,14:40:11,5,23939.8,22.4,0.85
2026-06-30,14:41:13,6,23940.1,18.65,2.98
2026-06-30,14:42:14,7,23952.9,15.7,4.66
2026-06-30,14:43:16,8,23953.05,16.0,4.49
2026-06-30,14:44:17,9,23945.05,20.8,1.76
2026-06-30,14:45:19,10,23945.15,19.85,2.3
2026-06-30,14:46:20,11,23940.55,22.3,0.91
2026-06-30,14:47:22,12,23942.8,22.35,0.88
2026-06-30,14:48:24,13,23942.45,21.4,1.42
2026-06-30,14:49:25,14,23931.0,27.35,-1.96
2026-06-30,14:50:27,15,23933.5,24.45,-0.31
2026-06-30,14:51:28,16,23938.85,20.8,1.76
2026-06-30,14:52:30,17,23935.0,22.3,0.91
2026-06-30,14:53:31,18,23939.95,18.85,2.87
2026-06-30,14:54:33,19,23941.15,17.95,3.38
2026-06-30,14:55:35,20,23941.15,20.75,1.79
2026-06-30,14:56:36,21,23930.55,26.15,-1.28
2026-06-30,14:57:38,22,23915.1,41.45,-9.97
2026-06-30,14:58:39,23,23905.8,52.55,-16.27
2026-06-30,14:59:41,24,23859.55,88.1,-36.46
2026-06-30,15:00:42,25,23842.25,103.05,-44.95
2026-06-30,15:01:44,26,23844.8,98.7,-42.48
2026-06-30,15:02:45,27,23842.1,102.95,-44.89
2026-06-30,15:03:47,28,23840.75,102.8,-44.8
2026-06-30,15:04:49,29,23836.25,109.55,-48.64
2026-06-30,15:05:50,30,23846.3,95.9,-40.89
2026-06-30,15:06:52,31,23860.05,81.15,-32.51
2026-06-30,15:07:53,32,23853.3,92.05,-38.7
2026-06-30,15:08:55,33,23852.4,90.35,-37.73
2026-06-30,15:09:56,34,23865.4,78.45,-30.98
2026-06-30,15:10:58,35,23865.45,82.7,-33.39
2026-06-30,15:12:00,36,23865.8,82.15,-33.08
2026-06-30,15:13:01,37,23863.1,84.2,-34.24
2026-06-30,15:14:03,38,23865.35,83.8,-34.01
2026-07-07,14:36:49,1,24463.3,0,-48.9
2026-07-07,14:36:50,2,24466.0,0,-48.9
2026-07-07,14:37:52,3,24468.4,0,-48.9
2026-07-07,14:38:54,4,24468.35,0,-48.9
2026-07-07,14:39:56,5,24456.4,0,-48.9
2026-07-07,14:40:57,6,24458.95,0,-48.9
2026-07-07,14:41:59,7,24466.1,0,-48.9
2026-07-07,14:43:00,8,24466.3,0,-48.9
2026-07-07,14:44:02,9,24465.95,0,-48.9
2026-07-07,14:45:03,10,24465.95,0,-48.9
2026-07-07,14:46:05,11,24469.35,0,-48.9
2026-07-07,14:47:07,12,24466.85,0,-48.9
2026-07-07,14:48:08,13,24461.7,0,-48.9
2026-07-07,14:49:10,14,24464.5,0,-48.9
2026-07-07,14:50:11,15,24464.95,0,-48.9
2026-07-07,14:51:13,16,24465.8,0,-48.9
2026-07-07,14:52:14,17,24465.15,0,-48.9
2026-07-07,14:53:16,18,24465.2,0,-48.9
2026-07-07,14:54:17,19,24466.65,0,-48.9
2026-07-07,14:55:19,20,24461.7,0,-48.9
2026-07-07,14:56:20,21,24470.9,0,-48.9
2026-07-07,14:57:22,22,24461.3,0,-48.9
2026-07-07,14:58:24,23,24455.4,0,-48.9
2026-07-07,15:00:27,25,24435.7,0,-48.9
2026-07-07,15:01:28,26,24414.1,0,-48.9
2026-07-07,15:02:30,27,24429.95,0,-48.9
2026-07-07,15:03:32,28,24422.65,0,-48.9
2026-07-07,15:04:33,29,24415.25,0,-48.9
2026-07-07,15:05:35,30,24419.4,0,-48.9
2026-07-07,15:06:36,31,24413.35,0,-48.9
2026-07-07,15:07:38,32,24411.0,0,-48.9
2026-07-07,15:08:40,33,24410.8,0,-48.9
2026-07-07,15:09:41,34,24401.65,0,-48.9
2026-07-07,15:10:43,35,24392.75,0,-48.9
2026-07-07,15:11:44,36,24393.85,0,-48.9
2026-07-07,15:12:46,37,24396.8,0,-48.9
2026-07-07,15:13:47,38,24397.85,0,-48.9
2026-07-07,15:14:49,39,24401.55,0,-48.9
2026-07-14,14:21:31,1,24059.6,176.05,-2.84
2026-07-14,14:21:33,2,24060.35,175.6,-1.01
2026-07-14,14:22:37,3,24046.1,170.15,21.1
2026-07-21,14:23:45,1,24176.35,33.85,0.61
2026-07-21,14:23:47,2,24174.0,34.45,0.24
2026-07-21,14:24:48,3,24172.7,37.35,-1.51
2026-07-21,14:25:50,4,24171.55,36.6,-1.06
2026-07-21,14:26:51,5,24175.75,35.6,-0.45
2026-07-21,14:27:53,6,24176.65,34.85,0.0
2026-07-21,14:28:54,7,24170.0,37.4,-1.54
2026-07-21,14:29:56,8,24166.3,40.15,-3.21
2026-07-21,14:30:57,9,24173.85,36.4,-0.94
2026-07-21,14:31:59,10,24170.4,39.15,-2.6
2026-07-21,14:33:00,11,24168.65,42.25,-4.48
2026-07-21,14:34:01,12,24168.15,43.3,-5.12
2026-07-21,14:35:03,13,24174.1,38.25,-2.06
2026-07-21,14:36:04,14,24158.95,47.9,-7.9
2026-07-21,14:37:06,15,24161.75,47.45,-7.63
2026-07-21,14:38:07,16,24159.45,46.6,-7.11
2026-07-21,14:39:09,17,24161.5,48.35,-8.17
2026-07-21,14:40:10,18,24162.65,47.1,-7.42
2026-07-21,14:41:12,19,24167.1,40.45,-3.39
2026-07-21,14:42:13,20,24168.45,39.15,-2.6
2026-07-21,14:43:15,21,24171.7,38.7,-2.33
2026-07-21,14:44:16,22,24172.9,38.05,-1.94
2026-07-21,14:45:17,23,24173.95,36.35,-0.91
2026-07-21,14:46:19,24,24171.2,40.6,-3.48
2026-07-21,14:47:20,25,24172.1,38.9,-2.45
2026-07-21,14:48:22,26,24180.65,34.55,0.18
2026-07-21,14:49:23,27,24176.5,32.2,1.6
2026-07-21,14:50:25,28,24172.15,34.7,0.09
2026-07-21,14:51:26,29,24167.0,37.8,-1.79
2026-07-21,14:52:28,30,24175.75,30.4,2.69
2026-07-21,14:53:29,31,24179.9,28.1,4.09
2026-07-21,14:54:30,32,24177.1,31.25,2.18
2026-07-21,14:55:32,33,24184.55,27.9,4.21
2026-07-21,14:56:33,34,24187.65,23.65,6.78
2026-07-21,14:57:35,35,24187.2,22.1,7.72
2026-07-21,14:58:36,36,24190.1,19.6,9.23
2026-07-21,14:59:38,37,24193.75,13.7,12.81
2026-07-21,15:00:39,38,24188.95,18.9,9.66
2026-07-21,15:01:41,39,24192.8,10.35,14.83
2026-07-21,15:02:42,40,24189.15,13.75,12.78
2026-07-21,15:03:44,41,24184.55,16.75,10.96
2026-07-21,15:04:45,42,24189.05,16.25,11.26
2026-07-21,15:05:47,43,24188.75,14.45,12.35
2026-07-21,15:06:48,44,24189.55,12.1,13.78
2026-07-21,15:07:49,45,24191.5,12.85,13.32
2026-07-21,15:08:51,46,24185.95,16.6,11.05
2026-07-21,15:09:52,47,24180.8,18.6,9.84
2026-07-21,15:10:54,48,24184.7,16.55,11.08
2026-07-21,15:11:55,49,24185.95,13.4,12.99
2026-07-21,15:12:56,50,24183.55,15.25,11.87
2026-07-21,15:13:58,51,24184.0,15.95,11.44
2026-07-21,15:14:59,52,24183.95,14.7,12.2
2026-07-28,14:25:57,1,23994.55,21.7,0.08
2026-07-28,14:25:59,2,23995.35,19.35,1.4
2026-07-28,14:27:00,3,23992.85,21.85,0.0
2026-07-28,14:28:02,4,23990.35,22.7,-0.48
2026-07-28,14:29:03,5,23985.25,26.95,-2.86
2026-07-28,14:30:05,6,23983.4,26.3,-2.5
2026-07-28,14:31:07,7,23976.8,31.7,-5.53
2026-07-28,14:32:08,8,23976.25,30.25,-4.72
2026-07-28,14:33:10,9,23973.3,31.85,-5.61
2026-07-28,14:34:11,10,23974.55,31.5,-5.42
2026-07-28,14:35:13,11,23980.2,24.35,-1.4
2026-07-28,14:36:14,12,23984.75,22.85,-0.56
2026-07-28,14:37:16,13,23990.25,20.2,0.93
2026-07-28,14:38:17,14,23991.1,20.0,1.04
2026-07-28,14:39:19,15,23995.75,16.55,2.98
2026-07-28,14:40:20,16,23994.05,17.0,2.72
2026-07-28,14:41:22,17,23997.05,17.25,2.58
2026-07-28,14:42:24,18,23990.8,20.15,0.95
2026-07-28,14:43:25,19,23986.6,20.9,0.53
2026-07-28,14:44:27,20,23986.7,21.55,0.17
2026-07-28,14:45:28,21,23983.6,26.4,-2.55
2026-07-28,14:46:30,22,23978.5,26.55,-2.64
2026-07-28,14:47:31,23,23976.15,26.0,-2.33
2026-07-28,14:48:33,24,23978.7,21.5,0.2
2026-07-28,14:49:34,25,23969.05,28.95,-3.99
2026-07-28,14:50:36,26,23973.25,23.7,-1.04
2026-07-28,14:51:38,27,23981.8,20.4,0.81
2026-07-28,14:52:39,28,23980.7,21.65,0.11
2026-07-28,14:53:41,29,23985.3,18.45,1.91
2026-07-28,14:54:42,30,23985.3,20.5,0.76
2026-07-28,14:55:44,31,23983.8,21.8,0.03
2026-07-28,14:56:45,32,23980.15,25.2,-1.88
2026-07-28,14:57:47,33,23980.7,24.65,-1.57
2026-07-28,14:58:48,34,23980.8,25.15,-1.85
2026-07-28,14:59:50,35,23962.15,41.05,-10.78
2026-07-28,15:00:52,36,23961.05,40.45,-10.44
2026-07-28,15:01:53,37,23960.9,43.35,-12.07
2026-07-28,15:02:55,38,23965.95,36.35,-8.14
2026-07-28,15:03:56,39,23962.85,37.95,-9.04
2026-07-28,15:04:58,40,23965.95,38.0,-9.07
2026-07-28,15:05:59,41,23969.4,35.6,-7.72
2026-07-28,15:07:01,42,23965.0,35.95,-7.91
2026-07-28,15:08:02,43,23967.45,36.0,-7.94
2026-07-28,15:09:04,44,23966.3,36.7,-8.34
2026-07-28,15:10:06,45,23965.45,39.25,-9.77
2026-07-28,15:11:08,46,23963.95,38.4,-9.29
2026-07-28,15:12:09,47,23968.6,33.45,-6.51
2026-07-28,15:13:11,48,23967.2,35.2,-7.49
2026-07-28,15:14:12,49,23971.95,31.85,-5.61
2026-08-04,14:26:47,1,24477.65,53.4,0.03
2026-08-04,14:26:48,2,24480.35,49.4,2.76
2026-08-04,14:27:50,3,24475.85,51.0,1.67
2026-08-04,14:28:51,4,24469.85,53.15,0.2
2026-08-04,14:29:53,5,24479.45,51.1,1.6
2026-08-04,14:30:54,6,24481.55,52.3,0.78
2026-08-04,14:31:55,7,24473.65,55.05,-1.09
2026-08-04,14:32:57,8,24464.05,56.9,-2.35
2026-08-04,14:33:58,9,24462.35,54.3,-0.58
2026-08-04,14:34:59,10,24467.3,54.15,-0.48
2026-08-04,14:36:01,11,24460.2,58.7,-3.58
2026-08-04,14:37:02,12,24464.35,55.25,-1.23
2026-08-04,14:38:04,13,24470.0,52.5,0.65
2026-08-04,14:39:05,14,24462.55,53.85,-0.27
2026-08-04,14:40:07,15,24463.5,54.2,-0.51
2026-08-04,14:41:08,16,24463.95,54.65,-0.82
2026-08-04,14:42:09,17,24462.1,57.05,-2.46
2026-08-04,14:43:11,18,24460.45,56.6,-2.15
2026-08-04,14:44:12,19,24457.0,56.1,-1.81
2026-08-04,14:45:13,20,24467.65,56.15,-1.84
2026-08-04,14:46:15,21,24466.1,56.35,-1.98
2026-08-04,14:47:16,22,24465.8,55.75,-1.57
2026-08-04,14:48:19,23,24468.05,54.4,-0.65
2026-08-04,14:49:20,24,24470.3,53.7,-0.17
2026-08-04,14:50:21,25,24469.95,55.45,-1.36
2026-08-04,14:51:23,26,24471.05,55.75,-1.57
2026-08-04,14:52:24,27,24472.5,54.8,-0.92
2026-08-04,14:53:25,28,24474.7,52.7,0.51
2026-08-04,14:54:27,29,24477.75,53.25,0.14
2026-08-04,14:55:28,30,24475.15,54.8,-0.92
2026-08-04,14:56:30,31,24479.3,55.9,-1.67
2026-08-04,14:57:31,32,24468.6,57.25,-2.59
2026-08-04,14:58:33,33,24469.15,57.6,-2.83
2026-08-04,14:59:34,34,24468.6,51.25,1.5
2026-08-04,15:00:35,35,24459.55,55.85,-1.64
2026-08-04,15:01:37,36,24456.45,59.75,-4.3
2026-08-04,15:02:38,37,24455.05,58.35,-3.34
2026-08-04,15:03:40,38,24452.65,57.9,-3.04
2026-08-04,15:04:41,39,24447.4,59.6,-4.2
2026-08-04,15:05:42,40,24448.2,58.55,-3.48
2026-08-04,15:06:44,41,24456.1,57.5,-2.76
2026-08-04,15:07:45,42,24455.4,55.45,-1.36
2026-08-04,15:08:47,43,24451.45,55.45,-1.36
2026-08-04,15:09:50,44,24449.05,54.95,-1.02
2026-08-04,15:10:51,45,24457.25,53.0,0.31
2026-08-04,15:11:53,46,24451.1,53.3,0.1
2026-08-04,15:12:54,47,24451.3,52.0,0.99
2026-08-04,15:13:56,48,24463.95,51.7,1.19
2026-08-04,15:14:57,49,24463.45,50.5,2.01
2026-08-11,13:50:52,1,24461.2,25.8,0.11
2026-08-11,13:50:53,2,24458.9,26.4,-0.23
2026-08-11,13:51:55,3,24454.65,27.45,-0.83
2026-08-11,13:52:56,4,24454.4,27.7,-0.98
2026-08-11,13:53:58,5,24453.5,27.75,-1.01
2026-08-11,13:55:01,6,24453.35,26.7,-0.4
2026-08-11,13:56:04,7,24450.9,28.25,-1.29
2026-08-11,13:57:08,8,24450.4,27.5,-0.86
2026-08-11,13:58:09,9,24449.5,27.95,-1.12
2026-08-11,13:59:11,10,24454.6,27.6,-0.92
2026-08-11,14:00:12,11,24453.1,28.15,-1.24
2026-08-11,14:01:14,12,24446.7,29.6,-2.07
2026-08-11,14:02:16,13,24450.15,28.3,-1.32
2026-08-11,14:03:17,14,24450.5,28.8,-1.61
2026-08-11,14:04:19,15,24449.15,29.5,-2.01
2026-08-11,14:05:20,16,24447.8,30.95,-2.84
2026-08-11,14:06:22,17,24450.1,30.2,-2.41
2026-08-11,14:07:24,18,24452.85,25.35,0.37
2026-08-11,14:08:25,19,24464.7,24.8,0.69
2026-08-11,14:09:29,20,24458.7,25.8,0.11
2026-08-11,14:10:31,21,24457.15,25.3,0.4
2026-08-11,14:11:33,22,24460.8,24.4,0.92
2026-08-11,14:12:34,23,24461.95,24.45,0.89
2026-08-11,14:13:36,24,24464.65,24.25,1.01
2026-08-11,14:14:38,25,24456.95,25.6,0.23
2026-08-11,14:15:40,26,24460.25,24.7,0.75
2026-08-11,14:16:42,27,24467.95,22.75,1.87
2026-08-11,14:17:43,28,24465.5,23.3,1.55
2026-08-11,14:18:45,29,24454.45,25.65,0.2
2026-08-11,14:19:47,30,24454.25,25.3,0.4
2026-08-11,14:20:48,31,24456.25,24.95,0.6
2026-08-11,14:21:50,32,24452.3,26.45,-0.26
2026-08-11,14:22:51,33,24454.8,25.65,0.2
2026-08-11,14:23:53,34,24454.25,26.15,-0.09
2026-08-11,14:24:55,35,24453.55,25.9,0.06
2026-08-11,14:25:56,36,24458.15,24.05,1.12
2026-08-11,14:26:58,37,24457.3,26.25,-0.14
2026-08-11,14:27:59,38,24450.95,25.05,0.55
2026-08-11,14:29:01,39,24448.7,25.5,0.29
2026-08-11,14:30:03,40,24453.15,26.0,0.0
2026-08-11,14:31:04,41,24449.05,25.9,0.06
2026-08-11,14:32:06,42,24444.2,27.05,-0.6
2026-08-11,14:33:07,43,24445.85,26.45,-0.26
2026-08-11,14:34:09,44,24443.9,26.5,-0.29
2026-08-11,14:35:11,45,24444.45,28.75,-1.58
2026-08-11,14:36:12,46,24442.5,30.25,-2.44
2026-08-11,14:37:14,47,24441.8,30.25,-2.44
2026-08-11,14:38:16,48,24443.9,29.85,-2.21
2026-08-11,14:39:17,49,24441.0,29.5,-2.01
2026-08-11,14:40:19,50,24442.6,28.6,-1.49
2026-08-11,14:41:20,51,24446.8,27.7,-0.98
2026-08-11,14:42:22,52,24447.5,27.2,-0.69
2026-08-11,14:43:24,53,24447.75,27.35,-0.78
2026-08-11,14:44:25,54,24451.5,23.15,1.64
2026-08-11,14:46:35,56,24454.45,23.75,1.29
2026-08-11,14:47:38,57,24450.95,25.2,0.46
2026-08-11,14:48:39,58,24452.0,23.5,1.44
2026-08-11,14:49:41,59,24456.95,23.4,1.49
2026-08-11,14:50:43,60,24455.25,24.3,0.98
2026-08-11,14:51:44,61,24454.8,24.45,0.89
2026-08-11,14:52:46,62,24456.85,23.5,1.44
2026-08-11,14:53:47,63,24457.3,23.15,1.64
2026-08-11,14:54:49,64,24458.35,22.85,1.81
2026-08-11,14:55:51,65,24461.5,21.45,2.61
2026-08-11,14:56:52,66,24462.0,21.4,2.64
2026-08-11,14:57:55,67,24464.5,19.0,4.02
2026-08-11,14:58:56,68,24462.2,17.7,4.77
2026-08-11,14:59:58,69,24470.95,13.1,7.41
2026-08-11,15:01:00,70,24459.35,15.95,5.78
2026-08-11,15:02:05,71,24461.75,12.75,7.61
2026-08-11,15:03:06,72,24461.65,13.6,7.13
2026-08-11,15:04:09,73,24472.5,14.85,6.41
2026-08-11,15:05:11,74,24456.45,15.55,6.01
2026-08-11,15:06:12,75,24458.2,15.65,5.95
2026-08-11,15:07:15,76,24457.85,16.3,5.57
2026-08-11,15:08:16,77,24455.15,15.05,6.29
2026-08-11,15:09:19,78,24451.85,16.75,5.32
2026-08-11,15:10:20,79,24447.35,16.35,5.55
2026-08-11,15:11:22,80,24447.1,14.7,6.49
2026-08-11,15:12:24,81,24456.45,10.8,8.74
2026-08-11,15:13:25,82,24448.05,12.45,7.79
2026-08-11,15:14:27,83,24450.25,10.75,8.76
2026-08-18,13:39:10,1,24196.65,24.85,0.11
2026-08-18,13:39:12,2,24194.2,24.95,0.06
2026-08-18,13:40:13,3,24197.35,25.75,-0.4
2026-08-18,13:41:15,4,24198.9,25.75,-0.4
2026-08-18,13:42:17,5,24198.45,26.9,-1.06
2026-08-18,13:43:18,6,24199.45,28.35,-1.89
2026-08-18,13:44:20,7,24201.4,30.0,-2.83
2026-08-18,13:45:21,8,24206.65,31.8,-3.86
2026-08-18,13:46:23,9,24205.15,29.7,-2.66
2026-08-18,13:47:24,10,24202.15,29.2,-2.37
2026-08-18,13:48:26,11,24205.8,31.05,-3.43
2026-08-18,13:49:28,12,24202.5,29.1,-2.31
2026-08-18,13:50:29,13,24203.2,29.55,-2.57
2026-08-18,13:51:31,14,24196.95,26.65,-0.91
2026-08-18,13:52:32,15,24196.45,26.05,-0.57
2026-08-18,13:53:34,16,24195.0,27.05,-1.14
2026-08-18,13:54:35,17,24196.35,27.6,-1.46
2026-08-18,13:55:37,18,24192.15,25.1,-0.03
2026-08-18,13:56:39,19,24189.2,24.65,0.23
2026-08-18,13:57:40,20,24189.75,23.85,0.69
2026-08-18,13:58:42,21,24192.4,25.4,-0.2
2026-08-18,13:59:43,22,24194.0,26.7,-0.94
2026-08-18,14:00:45,23,24192.35,25.5,-0.26
2026-08-18,14:01:46,24,24199.4,26.4,-0.77
2026-08-18,14:02:48,25,24199.45,28.85,-2.17
2026-08-18,14:03:50,26,24204.6,29.9,-2.77
2026-08-18,14:04:51,27,24199.45,28.85,-2.17
2026-08-18,14:05:53,28,24202.75,29.9,-2.77
2026-08-18,14:06:54,29,24200.15,28.35,-1.89
2026-08-18,14:07:56,30,24198.4,26.7,-0.94
2026-08-18,14:08:57,31,24194.9,24.9,0.09
2026-08-18,14:09:59,32,24193.4,23.65,0.8
2026-08-18,14:11:00,33,24190.5,23.3,1.0
2026-08-18,14:12:02,34,24193.3,25.1,-0.03
2026-08-18,14:13:04,35,24194.05,24.1,0.54
2026-08-18,14:14:05,36,24196.45,26.15,-0.63
2026-08-18,14:15:08,37,24193.0,24.4,0.37
2026-08-18,14:16:09,38,24193.15,25.35,-0.17
2026-08-18,14:17:11,39,24195.35,25.35,-0.17
2026-08-18,14:18:12,40,24194.5,24.6,0.26
2026-08-18,14:19:14,41,24193.8,23.5,0.89
2026-08-18,14:20:16,42,24195.1,24.1,0.54
2026-08-18,14:21:17,43,24191.4,22.05,1.71
2026-08-18,14:22:19,44,24188.3,23.9,0.66
2026-08-18,14:23:20,45,24191.75,25.0,0.03
2026-08-18,14:24:22,46,24199.2,24.75,0.17
2026-08-18,14:25:23,47,24194.35,21.35,2.11
2026-08-18,14:26:25,48,24183.0,19.4,3.23
2026-08-18,14:27:27,49,24189.95,22.85,1.26
2026-08-18,14:28:28,50,24196.4,26.2,-0.66
2026-08-18,14:29:30,51,24205.0,34.05,-5.14
2026-08-18,14:30:31,52,24201.85,28.45,-1.94
2026-08-18,14:31:33,53,24201.45,31.4,-3.63
2026-08-18,14:32:34,54,24198.75,28.3,-1.86
2026-08-18,14:33:36,55,24200.35,29.8,-2.72
2026-08-18,14:34:38,56,24195.05,24.55,0.29
2026-08-18,14:35:39,57,24195.6,24.85,0.11
2026-08-18,14:36:41,58,24198.95,26.75,-0.97
2026-08-18,14:37:42,59,24198.4,28.5,-1.97
2026-08-18,14:38:44,60,24199.7,27.45,-1.37
2026-08-18,14:39:45,61,24202.1,29.1,-2.31
2026-08-18,14:40:47,62,24202.5,28.25,-1.83
2026-08-18,14:41:49,63,24202.1,29.15,-2.34
2026-08-18,14:42:50,64,24200.2,28.6,-2.03
2026-08-18,14:43:52,65,24205.3,31.6,-3.74
2026-08-18,14:44:53,66,24200.8,29.95,-2.8
2026-08-18,14:45:55,67,24209.6,36.75,-6.69
2026-08-18,14:46:56,68,24207.2,34.2,-5.23
2026-08-18,14:47:58,69,24206.2,34.1,-5.17
2026-08-18,14:49:00,70,24209.0,34.05,-5.14
2026-08-18,14:50:01,71,24212.5,37.65,-7.2
2026-08-18,14:51:03,72,24214.2,36.85,-6.74
2026-08-18,14:52:04,73,24209.05,31.6,-3.74
2026-08-18,14:53:06,74,24205.45,30.15,-2.92
2026-08-18,14:54:07,75,24208.8,33.35,-4.74
2026-08-18,14:55:09,76,24213.75,34.1,-5.17
2026-08-18,14:56:11,77,24213.3,37.1,-6.89
2026-08-18,14:57:12,78,24217.9,36.3,-6.43
2026-08-18,14:58:14,79,24213.6,36.25,-6.4
2026-08-18,14:59:15,80,24217.45,40.1,-8.6
2026-08-18,15:00:17,81,24225.2,46.85,-12.46
2026-08-18,15:01:18,82,24221.0,46.4,-12.2
2026-08-18,15:02:20,83,24213.55,35.8,-6.14
2026-08-18,15:03:22,84,24210.1,30.15,-2.92
2026-08-18,15:04:23,85,24204.7,29.95,-2.8
2026-08-18,15:05:25,86,24201.75,27.3,-1.29
2026-08-18,15:06:26,87,24199.25,29.15,-2.34
2026-08-18,15:07:28,88,24196.7,27.65,-1.49
2026-08-18,15:08:29,89,24196.75,27.05,-1.14
2026-08-18,15:09:31,90,24199.25,29.35,-2.46
2026-08-18,15:10:33,91,24200.25,32.95,-4.52
2026-08-18,15:11:34,92,24195.75,35.6,-6.03
2026-08-18,15:12:36,93,24185.4,29.95,-2.8
2026-08-18,15:13:37,94,24181.0,29.05,-2.29
2026-08-18,15:14:39,95,24166.35,18.35,3.83
2026-08-25,13:44:21,1,24139.7,25.15,0.0
2026-08-25,13:44:22,2,24140.8,23.9,0.71
2026-08-25,13:45:24,3,24141.15,24.3,0.49
2026-08-25,13:46:25,4,24138.1,25.2,-0.03
2026-08-25,13:47:27,5,24137.0,26.15,-0.57
2026-08-25,13:48:28,6,24133.45,25.0,0.09
2026-08-25,13:49:30,7,24135.15,26.15,-0.57
2026-08-25,13:50:31,8,24136.7,24.65,0.29
2026-08-25,13:51:32,9,24147.3,19.65,3.15
2026-08-25,13:52:34,10,24147.9,19.55,3.2
2026-08-25,13:53:35,11,24169.7,11.3,7.92
2026-08-25,13:54:37,12,24169.95,10.9,8.15
2026-08-25,13:55:38,13,24159.6,11.65,7.72
2026-08-25,13:56:39,14,24157.05,13.5,6.66
2026-08-25,13:57:41,15,24156.35,15.5,5.52
2026-08-25,13:58:42,16,24156.7,15.3,5.63
2026-08-25,13:59:44,17,24153.85,15.55,5.49
2026-08-25,14:00:45,18,24146.55,18.45,3.83
2026-08-25,14:01:46,19,24151.25,14.35,6.18
2026-08-25,14:02:48,20,24143.0,18.75,3.66
2026-08-25,14:03:49,21,24153.0,14.8,5.92
2026-08-25,14:04:50,22,24154.8,15.2,5.69
2026-08-25,14:05:52,23,24155.05,14.95,5.83
2026-08-25,14:06:53,24,24155.75,13.8,6.49
2026-08-25,14:07:55,25,24150.55,14.55,6.06
2026-08-25,14:08:56,26,24150.1,14.65,6.01
2026-08-25,14:09:57,27,24156.1,13.2,6.83
2026-08-25,14:10:59,28,24159.15,12.25,7.38
2026-08-25,14:12:00,29,24157.6,13.1,6.89
2026-08-25,14:13:01,30,24156.85,13.35,6.75
2026-08-25,14:14:03,31,24151.7,13.9,6.43
2026-08-25,14:15:04,32,24153.6,13.75,6.52
2026-08-25,14:16:06,33,24157.95,13.2,6.83
2026-08-25,14:17:07,34,24155.75,13.4,6.72
2026-08-25,14:18:08,35,24157.45,12.6,7.18
2026-08-25,14:19:10,36,24159.3,12.75,7.09
2026-08-25,14:20:11,37,24165.0,11.65,7.72
2026-08-25,14:21:13,38,24158.2,11.95,7.55
2026-08-25,14:22:14,39,24162.7,11.0,8.09
2026-08-25,14:23:15,40,24166.1,11.35,7.89
2026-08-25,14:24:17,41,24162.75,12.45,7.26
2026-08-25,14:25:18,42,24164.35,12.05,7.49
2026-08-25,14:26:19,43,24169.3,11.25,7.95
2026-08-25,14:27:21,44,24175.15,9.8,8.78
2026-08-25,14:28:22,45,24180.9,9.35,9.04
2026-08-25,14:29:24,46,24177.35,9.6,8.89
2026-08-25,14:30:25,47,24181.2,8.4,9.58
2026-08-25,14:31:26,48,24203.95,6.15,10.87
2026-08-25,14:32:28,49,24207.75,5.85,11.04
2026-08-25,14:33:29,50,24191.05,6.55,10.64
2026-08-25,14:34:30,51,24210.7,4.95,11.55
2026-08-25,14:35:32,52,24197.1,6.2,10.84
2026-08-25,14:36:33,53,24187.25,7.4,10.15
2026-08-25,14:37:34,54,24192.2,6.55,10.64
2026-08-25,14:38:36,55,24197.3,5.5,11.24
2026-08-25,14:39:37,56,24198.95,5.6,11.18
2026-08-25,14:40:39,57,24211.15,4.15,12.01
2026-08-25,14:41:40,58,24211.05,3.65,12.3
2026-08-25,14:42:41,59,24204.9,4.3,11.92
2026-08-25,14:43:43,60,24207.9,3.95,12.12
2026-08-25,14:44:44,61,24211.95,3.8,12.21
2026-08-25,14:45:45,62,24211.0,4.05,12.07
2026-08-25,14:46:47,63,24209.15,4.15,12.01
2026-08-25,14:47:48,64,24216.45,3.2,12.55
2026-08-25,14:48:49,65,24225.15,2.55,12.93
2026-08-25,14:49:51,66,24219.05,3.2,12.55
2026-08-25,14:50:52,67,24230.25,2.4,13.01
2026-08-25,14:51:54,68,24241.5,2.1,13.18
2026-08-25,14:52:55,69,24240.8,2.1,13.18
2026-08-25,14:53:56,70,24237.9,2.45,12.98
2026-08-25,14:54:58,71,24241.2,2.45,12.98
2026-08-25,14:55:59,72,24244.95,2.15,13.15
2026-08-25,14:57:00,73,24247.05,2.45,12.98
2026-08-25,14:58:02,74,24250.1,2.5,12.95
2026-08-25,14:59:03,75,24252.3,2.55,12.93
2026-08-25,15:00:04,76,24248.65,2.6,12.9
2026-08-25,15:01:06,77,24241.45,2.55,12.93
2026-08-25,15:02:07,78,24248.25,1.55,13.5
2026-08-25,15:03:08,79,24246.0,1.5,13.53
2026-08-25,15:04:10,80,24249.0,1.6,13.47
2026-08-25,15:05:11,81,24245.6,2.1,13.18
2026-08-25,15:06:13,82,24246.85,2.0,13.24
2026-08-25,15:07:14,83,24245.9,2.05,13.21
2026-08-25,15:08:15,84,24249.8,1.8,13.35
2026-08-25,15:09:17,85,24250.9,1.9,13.3
2026-08-25,15:10:18,86,24253.75,1.8,13.35
2026-08-25,15:11:19,87,24258.9,1.35,13.61
2026-08-25,15:12:21,88,24257.25,1.6,13.47
2026-08-25,15:13:22,89,24260.95,1.8,13.35
2026-08-25,15:14:24,90,24260.05,2.05,13.21
